precinct_key,district_num,target_id,target_name,area_weight,population_weight,housing_weight,block_weight,crosswalk_basis
16001001012,1,1601,Congressional District 1,0.9027224797222699,0.9027224797222699,0.9009019947042444,0.5950478272860206,population
16001001029,1,1601,Congressional District 1,1.0,1.0,1.0,1.0,population
16001001046,1,1601,Congressional District 1,1.0,1.0,1.0,1.0,population
16001001047,1,1601,Congressional District 1,1.0,1.0,1.0,1.0,population
16001001052,1,1601,Congressional District 1,1.0,1.0,1.0,1.0,population
16001001065,1,1601,Congressional District 1,0.0015538242865933073,0.0015538242865933073,0.0008622735093584947,0.006550497143544412,population
16001001066,1,1601,Congressional District 1,0.15274034141937182,0.15274034141937182,0.1406469760902485,0.22222222222210325,population
16001001067,1,1601,Congressional District 1,0.5993065874200922,0.5993065874200922,0.5736994219649668,0.4504504504532155,population
16001001068,1,1601,Congressional District 1,1.0,1.0,1.0,1.0,population
16001001069,1,1601,Congressional District 1,0.984810126582291,0.984810126582291,0.8791208791214548,0.5751633986934641,population
16001001070,1,1601,Congressional District 1,1.0,1.0,1.0,1.0,population
16001001071,1,1601,Congressional District 1,1.0,1.0,1.0,1.0,population
16001001072,1,1601,Congressional District 1,1.0,1.0,1.0,1.0,population
16001001073,1,1601,Congressional District 1,1.0,1.0,1.0,1.0,population
16001001074,1,1601,Congressional District 1,1.0,1.0,1.0,1.0,population
16001001077,1,1601,Congressional District 1,1.0,1.0,1.0,1.0,population
16001001078,1,1601,Congressional District 1,1.0,1.0,1.0,1.0,population
16001001083,1,1601,Congressional District 1,1.0,1.0,1.0,1.0,population
16001001085,1,1601,Congressional District 1,1.0,1.0,1.0,1.0,population
16001001088,1,1601,Congressional District 1,0.9979504588320333,0.9979504588320333,0.9976427679480758,0.8853515642113355,population
16001001089,1,1601,Congressional District 1,0.8827470686774727,0.8827470686774727,0.8472372697737593,0.7692307692339404,population
16001001090,1,1601,Congressional District 1,1.0,1.0,1.0,1.0,population
16001001091,1,1601,Congressional District 1,1.0,1.0,1.0,1.0,population
16001001092,1,1601,Congressional District 1,1.0,1.0,1.0,1.0,population
16001001093,1,1601,Congressional District 1,1.0,1.0,1.0,1.0,population
16001001094,1,1601,Congressional District 1,1.0,1.0,1.0,1.0,population
16001001095,1,1601,Congressional District 1,1.0,1.0,1.0,1.0,population
16001001096,1,1601,Congressional District 1,1.0,1.0,1.0,1.0,population
16001001097,1,1601,Congressional District 1,1.0,1.0,1.0,1.0,population
16001001098,1,1601,Congressional District 1,1.0,1.0,1.0,1.0,population
16001001099,1,1601,Congressional District 1,1.0,1.0,1.0,1.0,population
16001001103,1,1601,Congressional District 1,1.0,1.0,1.0,1.0,population
16001001105,1,1601,Congressional District 1,1.0,1.0,1.0,1.0,population
16001001109,1,1601,Congressional District 1,1.0,1.0,1.0,1.0,population
16001001112,1,1601,Congressional District 1,1.0,1.0,1.0,1.0,population
16001001116,1,1601,Congressional District 1,0.999999597348228,0.999999597348228,0.999999468048855,0.9998627993075454,population
16001001131,1,1601,Congressional District 1,0.0,0.0,1.300181780703228e-05,0.0002748111490914177,population
16003003001,1,1601,Congressional District 1,1.0,1.0,1.0,1.0,population
16003003002,1,1601,Congressional District 1,1.0,1.0,1.0,1.0,population
16003003003,1,1601,Congressional District 1,1.0,1.0,1.0,1.0,population
16003003004,1,1601,Congressional District 1,1.0,1.0,1.0,1.0,population
16003003005,1,1601,Congressional District 1,1.0,1.0,1.0,1.0,population
16003003006,1,1601,Congressional District 1,1.0,1.0,1.0,1.0,population
16009009001,1,1601,Congressional District 1,1.0,1.0,1.0,1.0,population
16009009002,1,1601,Congressional District 1,1.0,1.0,1.0,1.0,population
16009009003,1,1601,Congressional District 1,1.0,1.0,1.0,1.0,population
16009009004,1,1601,Congressional District 1,1.0,1.0,1.0,1.0,population
16009009005,1,1601,Congressional District 1,1.0,1.0,1.0,1.0,population
16009009006,1,1601,Congressional District 1,1.0,1.0,1.0,1.0,population
16009009007,1,1601,Congressional District 1,1.0,1.0,1.0,1.0,population
16009009008,1,1601,Congressional District 1,1.0,1.0,1.0,1.0,population
16009009009,1,1601,Congressional District 1,1.0,1.0,1.0,1.0,population
16009009010,1,1601,Congressional District 1,1.0,1.0,1.0,1.0,population
16009009011,1,1601,Congressional District 1,1.0,1.0,1.0,1.0,population
16015015030,1,1601,Congressional District 1,1.0,1.0,1.0,1.0,population
16015015040,1,1601,Congressional District 1,0.9996499710044048,0.9996499710044048,0.999860852018116,0.9924042449674091,population
16015015050,1,1601,Congressional District 1,1.0,1.0,1.0,1.0,population
16015015060,1,1601,Congressional District 1,1.0,1.0,1.0,1.0,population
16015015070,1,1601,Congressional District 1,1.0,1.0,1.0,1.0,population
16015015080,1,1601,Congressional District 1,1.0,1.0,1.0,1.0,population
16017017001,1,1601,Congressional District 1,1.0,1.0,1.0,1.0,population
16017017002,1,1601,Congressional District 1,1.0,1.0,1.0,1.0,population
16017017003,1,1601,Congressional District 1,1.0,1.0,1.0,1.0,population
16017017004,1,1601,Congressional District 1,1.0,1.0,1.0,1.0,population
16017017005,1,1601,Congressional District 1,1.0,1.0,1.0,1.0,population
16017017006,1,1601,Congressional District 1,1.0,1.0,1.0,1.0,population
16017017007,1,1601,Congressional District 1,1.0,1.0,1.0,1.0,population
16017017009,1,1601,Congressional District 1,1.0,1.0,1.0,1.0,population
16017017010,1,1601,Congressional District 1,1.0,1.0,1.0,1.0,population
16017017011,1,1601,Congressional District 1,1.0,1.0,1.0,1.0,population
16017017012,1,1601,Congressional District 1,1.0,1.0,1.0,1.0,population
16017017014,1,1601,Congressional District 1,1.0,1.0,1.0,1.0,population
16017017015,1,1601,Congressional District 1,1.0,1.0,1.0,1.0,population
16017017016,1,1601,Congressional District 1,1.0,1.0,1.0,1.0,population
16017017017,1,1601,Congressional District 1,1.0,1.0,1.0,1.0,population
16017017018,1,1601,Congressional District 1,1.0,1.0,1.0,1.0,population
16017017020,1,1601,Congressional District 1,1.0,1.0,1.0,1.0,population
16017017021,1,1601,Congressional District 1,1.0,1.0,1.0,1.0,population
16017017025,1,1601,Congressional District 1,1.0,1.0,1.0,1.0,population
16017017026,1,1601,Congressional District 1,1.0,1.0,1.0,1.0,population
16017017027,1,1601,Congressional District 1,1.0,1.0,1.0,1.0,population
16017017028,1,1601,Congressional District 1,1.0,1.0,1.0,1.0,population
16017017029,1,1601,Congressional District 1,1.0,1.0,1.0,1.0,population
16017017030,1,1601,Congressional District 1,1.0,1.0,1.0,1.0,population
16017017031,1,1601,Congressional District 1,1.0,1.0,1.0,1.0,population
16017017032,1,1601,Congressional District 1,1.0,1.0,1.0,1.0,population
16017017033,1,1601,Congressional District 1,1.0,1.0,1.0,1.0,population
16017017034,1,1601,Congressional District 1,1.0,1.0,1.0,1.0,population
16017017035,1,1601,Congressional District 1,1.0,1.0,1.0,1.0,population
16017017036,1,1601,Congressional District 1,1.0,1.0,1.0,1.0,population
16021021001,1,1601,Congressional District 1,1.0,1.0,1.0,1.0,population
16021021002,1,1601,Congressional District 1,1.0,1.0,1.0,1.0,population
16021021003,1,1601,Congressional District 1,1.0,1.0,1.0,1.0,population
16021021004,1,1601,Congressional District 1,1.0,1.0,1.0,1.0,population
16021021005,1,1601,Congressional District 1,1.0,1.0,1.0,1.0,population
16021021006,1,1601,Congressional District 1,1.0,1.0,1.0,1.0,population
16021021007,1,1601,Congressional District 1,1.0,1.0,1.0,1.0,population
16027027001,1,1601,Congressional District 1,1.0,1.0,1.0,1.0,population
16027027003,1,1601,Congressional District 1,1.0,1.0,1.0,1.0,population
16027027004,1,1601,Congressional District 1,1.0,1.0,1.0,1.0,population
16027027005,1,1601,Congressional District 1,1.0,1.0,1.0,1.0,population
16027027006,1,1601,Congressional District 1,1.0,1.0,1.0,1.0,population
16027027007,1,1601,Congressional District 1,1.0,1.0,1.0,1.0,population
16027027008,1,1601,Congressional District 1,1.0,1.0,1.0,1.0,population
16027027009,1,1601,Congressional District 1,1.0,1.0,1.0,1.0,population
16027027010,1,1601,Congressional District 1,1.0,1.0,1.0,1.0,population
16027027011,1,1601,Congressional District 1,1.0,1.0,1.0,1.0,population
16027027012,1,1601,Congressional District 1,1.0,1.0,1.0,1.0,population
16027027013,1,1601,Congressional District 1,1.0,1.0,1.0,1.0,population
16027027015,1,1601,Congressional District 1,1.0,1.0,1.0,1.0,population
16027027018,1,1601,Congressional District 1,1.0,1.0,1.0,1.0,population
16027027019,1,1601,Congressional District 1,1.0,1.0,1.0,1.0,population
16027027020,1,1601,Congressional District 1,1.0,1.0,1.0,1.0,population
16027027021,1,1601,Congressional District 1,1.0,1.0,1.0,1.0,population
16027027022,1,1601,Congressional District 1,1.0,1.0,1.0,1.0,population
16027027023,1,1601,Congressional District 1,1.0,1.0,1.0,1.0,population
16027027025,1,1601,Congressional District 1,1.0,1.0,1.0,1.0,population
16027027027,1,1601,Congressional District 1,1.0,1.0,1.0,1.0,population
16027027028,1,1601,Congressional District 1,1.0,1.0,1.0,1.0,population
16027027029,1,1601,Congressional District 1,1.0,1.0,1.0,1.0,population
16027027030,1,1601,Congressional District 1,1.0,1.0,1.0,1.0,population
16027027032,1,1601,Congressional District 1,1.0,1.0,1.0,1.0,population
16027027033,1,1601,Congressional District 1,1.0,1.0,1.0,1.0,population
16027027034,1,1601,Congressional District 1,1.0,1.0,1.0,1.0,population
16027027035,1,1601,Congressional District 1,1.0,1.0,1.0,1.0,population
16027027036,1,1601,Congressional District 1,1.0,1.0,1.0,1.0,population
16027027037,1,1601,Congressional District 1,1.0,1.0,1.0,1.0,population
16027027038,1,1601,Congressional District 1,1.0,1.0,1.0,1.0,population
16027027039,1,1601,Congressional District 1,1.0,1.0,1.0,1.0,population
16027027040,1,1601,Congressional District 1,1.0,1.0,1.0,1.0,population
16027027042,1,1601,Congressional District 1,1.0,1.0,1.0,1.0,population
16027027043,1,1601,Congressional District 1,1.0,1.0,1.0,1.0,population
16027027044,1,1601,Congressional District 1,1.0,1.0,1.0,1.0,population
16027027045,1,1601,Congressional District 1,1.0,1.0,1.0,1.0,population
16027027046,1,1601,Congressional District 1,1.0,1.0,1.0,1.0,population
16027027047,1,1601,Congressional District 1,1.0,1.0,1.0,1.0,population
16027027048,1,1601,Congressional District 1,1.0,1.0,1.0,1.0,population
16027027049,1,1601,Congressional District 1,1.0,1.0,1.0,1.0,population
16027027050,1,1601,Congressional District 1,1.0,1.0,1.0,1.0,population
16027027051,1,1601,Congressional District 1,1.0,1.0,1.0,1.0,population
16027027052,1,1601,Congressional District 1,1.0,1.0,1.0,1.0,population
16027027054,1,1601,Congressional District 1,1.0,1.0,1.0,1.0,population
16027027055,1,1601,Congressional District 1,1.0,1.0,1.0,1.0,population
16027027056,1,1601,Congressional District 1,1.0,1.0,1.0,1.0,population
16027027057,1,1601,Congressional District 1,1.0,1.0,1.0,1.0,population
16027027058,1,1601,Congressional District 1,1.0,1.0,1.0,1.0,population
16027027059,1,1601,Congressional District 1,1.0,1.0,1.0,1.0,population
16027027060,1,1601,Congressional District 1,1.0,1.0,1.0,1.0,population
16027027061,1,1601,Congressional District 1,1.0,1.0,1.0,1.0,population
16027027062,1,1601,Congressional District 1,1.0,1.0,1.0,1.0,population
16035035001,1,1601,Congressional District 1,1.0,1.0,1.0,1.0,population
16035035002,1,1601,Congressional District 1,1.0,1.0,1.0,1.0,population
16035035003,1,1601,Congressional District 1,1.0,1.0,1.0,1.0,population
16035035004,1,1601,Congressional District 1,1.0,1.0,1.0,1.0,population
16035035005,1,1601,Congressional District 1,1.0,1.0,1.0,1.0,population
16035035006,1,1601,Congressional District 1,1.0,1.0,1.0,1.0,population
16035035007,1,1601,Congressional District 1,1.0,1.0,1.0,1.0,population
16035035008,1,1601,Congressional District 1,1.0,1.0,1.0,1.0,population
16035035009,1,1601,Congressional District 1,1.0,1.0,1.0,1.0,population
16035035010,1,1601,Congressional District 1,1.0,1.0,1.0,1.0,population
16035035011,1,1601,Congressional District 1,1.0,1.0,1.0,1.0,population
16035035012,1,1601,Congressional District 1,1.0,1.0,1.0,1.0,population
16035035013,1,1601,Congressional District 1,1.0,1.0,1.0,1.0,population
16035035014,1,1601,Congressional District 1,1.0,1.0,1.0,1.0,population
16037037004,1,1601,Congressional District 1,1.7056846702554546e-08,1.7056846702554546e-08,1.4845079767498021e-08,6.899714931981516e-05,population
16039039018,1,1601,Congressional District 1,0.0,0.0,0.0,0.0013902731672226518,population
16039039019,1,1601,Congressional District 1,0.0,0.0,0.0,0.003466204506068216,population
16045045001,1,1601,Congressional District 1,1.0,1.0,1.0,1.0,population
16045045002,1,1601,Congressional District 1,1.0,1.0,1.0,1.0,population
16045045003,1,1601,Congressional District 1,1.0,1.0,1.0,1.0,population
16045045004,1,1601,Congressional District 1,1.0,1.0,1.0,1.0,population
16045045005,1,1601,Congressional District 1,1.0,1.0,1.0,1.0,population
16045045006,1,1601,Congressional District 1,1.0,1.0,1.0,1.0,population
16045045007,1,1601,Congressional District 1,1.0,1.0,1.0,1.0,population
16045045008,1,1601,Congressional District 1,1.0,1.0,1.0,1.0,population
16045045009,1,1601,Congressional District 1,1.0,1.0,1.0,1.0,population
16045045010,1,1601,Congressional District 1,1.0,1.0,1.0,1.0,population
16045045011,1,1601,Congressional District 1,1.0,1.0,1.0,1.0,population
16045045012,1,1601,Congressional District 1,1.0,1.0,1.0,1.0,population
16045045013,1,1601,Congressional District 1,1.0,1.0,1.0,1.0,population
16049049001,1,1601,Congressional District 1,1.0,1.0,1.0,1.0,population
16049049002,1,1601,Congressional District 1,1.0,1.0,1.0,1.0,population
16049049003,1,1601,Congressional District 1,1.0,1.0,1.0,1.0,population
16049049004,1,1601,Congressional District 1,1.0,1.0,1.0,1.0,population
16049049005,1,1601,Congressional District 1,1.0,1.0,1.0,1.0,population
16049049006,1,1601,Congressional District 1,1.0,1.0,1.0,1.0,population
16049049007,1,1601,Congressional District 1,1.0,1.0,1.0,1.0,population
16049049008,1,1601,Congressional District 1,1.0,1.0,1.0,1.0,population
16049049009,1,1601,Congressional District 1,1.0,1.0,1.0,1.0,population
16049049010,1,1601,Congressional District 1,1.0,1.0,1.0,1.0,population
16049049011,1,1601,Congressional District 1,1.0,1.0,1.0,1.0,population
16049049012,1,1601,Congressional District 1,1.0,1.0,1.0,1.0,population
16049049013,1,1601,Congressional District 1,1.0,1.0,1.0,1.0,population
16049049014,1,1601,Congressional District 1,1.0,1.0,1.0,1.0,population
16049049015,1,1601,Congressional District 1,1.0,1.0,1.0,1.0,population
16049049016,1,1601,Congressional District 1,1.0,1.0,1.0,1.0,population
16049049017,1,1601,Congressional District 1,1.0,1.0,1.0,1.0,population
16049049018,1,1601,Congressional District 1,1.0,1.0,1.0,1.0,population
16049049019,1,1601,Congressional District 1,1.0,1.0,1.0,1.0,population
16049049020,1,1601,Congressional District 1,1.0,1.0,1.0,1.0,population
16049049021,1,1601,Congressional District 1,1.0,1.0,1.0,1.0,population
16049049022,1,1601,Congressional District 1,1.0,1.0,1.0,1.0,population
16049049023,1,1601,Congressional District 1,1.0,1.0,1.0,1.0,population
16049049024,1,1601,Congressional District 1,1.0,1.0,1.0,1.0,population
16049049025,1,1601,Congressional District 1,1.0,1.0,1.0,1.0,population
16049049026,1,1601,Congressional District 1,1.0,1.0,1.0,1.0,population
16055055001,1,1601,Congressional District 1,1.0,1.0,1.0,1.0,population
16055055002,1,1601,Congressional District 1,1.0,1.0,1.0,1.0,population
16055055003,1,1601,Congressional District 1,1.0,1.0,1.0,1.0,population
16055055004,1,1601,Congressional District 1,1.0,1.0,1.0,1.0,population
16055055005,1,1601,Congressional District 1,1.0,1.0,1.0,1.0,population
16055055006,1,1601,Congressional District 1,1.0,1.0,1.0,1.0,population
16055055007,1,1601,Congressional District 1,1.0,1.0,1.0,1.0,population
16055055008,1,1601,Congressional District 1,1.0,1.0,1.0,1.0,population
16055055009,1,1601,Congressional District 1,1.0,1.0,1.0,1.0,population
16055055010,1,1601,Congressional District 1,1.0,1.0,1.0,1.0,population
16055055011,1,1601,Congressional District 1,1.0,1.0,1.0,1.0,population
16055055012,1,1601,Congressional District 1,1.0,1.0,1.0,1.0,population
16055055013,1,1601,Congressional District 1,1.0,1.0,1.0,1.0,population
16055055014,1,1601,Congressional District 1,1.0,1.0,1.0,1.0,population
16055055015,1,1601,Congressional District 1,1.0,1.0,1.0,1.0,population
16055055016,1,1601,Congressional District 1,1.0,1.0,1.0,1.0,population
16055055017,1,1601,Congressional District 1,1.0,1.0,1.0,1.0,population
16055055018,1,1601,Congressional District 1,1.0,1.0,1.0,1.0,population
16055055019,1,1601,Congressional District 1,1.0,1.0,1.0,1.0,population
16055055020,1,1601,Congressional District 1,1.0,1.0,1.0,1.0,population
16055055021,1,1601,Congressional District 1,1.0,1.0,1.0,1.0,population
16055055022,1,1601,Congressional District 1,1.0,1.0,1.0,1.0,population
16055055023,1,1601,Congressional District 1,1.0,1.0,1.0,1.0,population
16055055024,1,1601,Congressional District 1,1.0,1.0,1.0,1.0,population
16055055025,1,1601,Congressional District 1,1.0,1.0,1.0,1.0,population
16055055026,1,1601,Congressional District 1,1.0,1.0,1.0,1.0,population
16055055027,1,1601,Congressional District 1,1.0,1.0,1.0,1.0,population
16055055028,1,1601,Congressional District 1,1.0,1.0,1.0,1.0,population
16055055029,1,1601,Congressional District 1,1.0,1.0,1.0,1.0,population
16055055030,1,1601,Congressional District 1,1.0,1.0,1.0,1.0,population
16055055031,1,1601,Congressional District 1,1.0,1.0,1.0,1.0,population
16055055032,1,1601,Congressional District 1,1.0,1.0,1.0,1.0,population
16055055033,1,1601,Congressional District 1,1.0,1.0,1.0,1.0,population
16055055034,1,1601,Congressional District 1,1.0,1.0,1.0,1.0,population
16055055035,1,1601,Congressional District 1,1.0,1.0,1.0,1.0,population
16055055036,1,1601,Congressional District 1,1.0,1.0,1.0,1.0,population
16055055037,1,1601,Congressional District 1,1.0,1.0,1.0,1.0,population
16055055038,1,1601,Congressional District 1,1.0,1.0,1.0,1.0,population
16055055039,1,1601,Congressional District 1,1.0,1.0,1.0,1.0,population
16055055040,1,1601,Congressional District 1,1.0,1.0,1.0,1.0,population
16055055041,1,1601,Congressional District 1,1.0,1.0,1.0,1.0,population
16055055042,1,1601,Congressional District 1,1.0,1.0,1.0,1.0,population
16055055043,1,1601,Congressional District 1,1.0,1.0,1.0,1.0,population
16055055044,1,1601,Congressional District 1,1.0,1.0,1.0,1.0,population
16055055045,1,1601,Congressional District 1,1.0,1.0,1.0,1.0,population
16055055046,1,1601,Congressional District 1,1.0,1.0,1.0,1.0,population
16055055047,1,1601,Congressional District 1,1.0,1.0,1.0,1.0,population
16055055048,1,1601,Congressional District 1,1.0,1.0,1.0,1.0,population
16055055049,1,1601,Congressional District 1,1.0,1.0,1.0,1.0,population
16055055050,1,1601,Congressional District 1,1.0,1.0,1.0,1.0,population
16057057001,1,1601,Congressional District 1,1.0,1.0,1.0,1.0,population
16057057002,1,1601,Congressional District 1,1.0,1.0,1.0,1.0,population
16057057003,1,1601,Congressional District 1,1.0,1.0,1.0,1.0,population
16057057004,1,1601,Congressional District 1,1.0,1.0,1.0,1.0,population
16057057005,1,1601,Congressional District 1,1.0,1.0,1.0,1.0,population
16057057006,1,1601,Congressional District 1,1.0,1.0,1.0,1.0,population
16057057007,1,1601,Congressional District 1,1.0,1.0,1.0,1.0,population
16057057008,1,1601,Congressional District 1,1.0,1.0,1.0,1.0,population
16057057009,1,1601,Congressional District 1,1.0,1.0,1.0,1.0,population
16057057010,1,1601,Congressional District 1,1.0,1.0,1.0,1.0,population
16057057011,1,1601,Congressional District 1,1.0,1.0,1.0,1.0,population
16057057012,1,1601,Congressional District 1,1.0,1.0,1.0,1.0,population
16057057013,1,1601,Congressional District 1,1.0,1.0,1.0,1.0,population
16057057014,1,1601,Congressional District 1,1.0,1.0,1.0,1.0,population
16057057015,1,1601,Congressional District 1,1.0,1.0,1.0,1.0,population
16057057016,1,1601,Congressional District 1,1.0,1.0,1.0,1.0,population
16057057017,1,1601,Congressional District 1,1.0,1.0,1.0,1.0,population
16057057018,1,1601,Congressional District 1,1.0,1.0,1.0,1.0,population
16057057019,1,1601,Congressional District 1,1.0,1.0,1.0,1.0,population
16057057020,1,1601,Congressional District 1,1.0,1.0,1.0,1.0,population
16057057021,1,1601,Congressional District 1,1.0,1.0,1.0,1.0,population
16057057022,1,1601,Congressional District 1,1.0,1.0,1.0,1.0,population
16057057023,1,1601,Congressional District 1,1.0,1.0,1.0,1.0,population
16057057024,1,1601,Congressional District 1,1.0,1.0,1.0,1.0,population
16057057025,1,1601,Congressional District 1,1.0,1.0,1.0,1.0,population
16057057026,1,1601,Congressional District 1,1.0,1.0,1.0,1.0,population
16057057027,1,1601,Congressional District 1,1.0,1.0,1.0,1.0,population
16057057028,1,1601,Congressional District 1,1.0,1.0,1.0,1.0,population
16057057029,1,1601,Congressional District 1,1.0,1.0,1.0,1.0,population
16057057030,1,1601,Congressional District 1,1.0,1.0,1.0,1.0,population
16057057031,1,1601,Congressional District 1,1.0,1.0,1.0,1.0,population
16057057032,1,1601,Congressional District 1,1.0,1.0,1.0,1.0,population
16061061001,1,1601,Congressional District 1,1.0,1.0,1.0,1.0,population
16061061002,1,1601,Congressional District 1,1.0,1.0,1.0,1.0,population
16061061003,1,1601,Congressional District 1,1.0,1.0,1.0,1.0,population
16061061004,1,1601,Congressional District 1,1.0,1.0,1.0,1.0,population
16061061005,1,1601,Congressional District 1,1.0,1.0,1.0,1.0,population
16061061006,1,1601,Congressional District 1,1.0,1.0,1.0,1.0,population
16061061007,1,1601,Congressional District 1,1.0,1.0,1.0,1.0,population
16061061008,1,1601,Congressional District 1,1.0,1.0,1.0,1.0,population
16069069001,1,1601,Congressional District 1,1.0,1.0,1.0,1.0,population
16069069002,1,1601,Congressional District 1,1.0,1.0,1.0,1.0,population
16069069003,1,1601,Congressional District 1,1.0,1.0,1.0,1.0,population
16069069004,1,1601,Congressional District 1,1.0,1.0,1.0,1.0,population
16069069005,1,1601,Congressional District 1,1.0,1.0,1.0,1.0,population
16069069006,1,1601,Congressional District 1,1.0,1.0,1.0,1.0,population
16069069007,1,1601,Congressional District 1,1.0,1.0,1.0,1.0,population
16069069008,1,1601,Congressional District 1,1.0,1.0,1.0,1.0,population
16069069009,1,1601,Congressional District 1,1.0,1.0,1.0,1.0,population
16069069010,1,1601,Congressional District 1,1.0,1.0,1.0,1.0,population
16069069011,1,1601,Congressional District 1,1.0,1.0,1.0,1.0,population
16069069012,1,1601,Congressional District 1,1.0,1.0,1.0,1.0,population
16069069013,1,1601,Congressional District 1,1.0,1.0,1.0,1.0,population
16069069014,1,1601,Congressional District 1,1.0,1.0,1.0,1.0,population
16069069015,1,1601,Congressional District 1,1.0,1.0,1.0,1.0,population
16069069016,1,1601,Congressional District 1,1.0,1.0,1.0,1.0,population
16069069017,1,1601,Congressional District 1,1.0,1.0,1.0,1.0,population
16069069018,1,1601,Congressional District 1,1.0,1.0,1.0,1.0,population
16069069019,1,1601,Congressional District 1,1.0,1.0,1.0,1.0,population
16069069020,1,1601,Congressional District 1,1.0,1.0,1.0,1.0,population
16069069021,1,1601,Congressional District 1,1.0,1.0,1.0,1.0,population
16069069022,1,1601,Congressional District 1,1.0,1.0,1.0,1.0,population
16069069023,1,1601,Congressional District 1,1.0,1.0,1.0,1.0,population
16069069024,1,1601,Congressional District 1,1.0,1.0,1.0,1.0,population
16069069025,1,1601,Congressional District 1,1.0,1.0,1.0,1.0,population
16069069026,1,1601,Congressional District 1,1.0,1.0,1.0,1.0,population
16069069030,1,1601,Congressional District 1,1.0,1.0,1.0,1.0,population
16069069031,1,1601,Congressional District 1,1.0,1.0,1.0,1.0,population
16069069032,1,1601,Congressional District 1,1.0,1.0,1.0,1.0,population
16069069033,1,1601,Congressional District 1,1.0,1.0,1.0,1.0,population
16069069034,1,1601,Congressional District 1,1.0,1.0,1.0,1.0,population
16069069035,1,1601,Congressional District 1,1.0,1.0,1.0,1.0,population
16069069036,1,1601,Congressional District 1,1.0,1.0,1.0,1.0,population
16069069037,1,1601,Congressional District 1,1.0,1.0,1.0,1.0,population
16069069038,1,1601,Congressional District 1,1.0,1.0,1.0,1.0,population
16069069039,1,1601,Congressional District 1,1.0,1.0,1.0,1.0,population
16069069040,1,1601,Congressional District 1,1.0,1.0,1.0,1.0,population
16073073001,1,1601,Congressional District 1,1.0,1.0,1.0,1.0,population
16073073002,1,1601,Congressional District 1,1.0,1.0,1.0,1.0,population
16073073003,1,1601,Congressional District 1,1.0,1.0,1.0,1.0,population
16073073004,1,1601,Congressional District 1,1.0,1.0,1.0,1.0,population
16073073005,1,1601,Congressional District 1,1.0,1.0,1.0,1.0,population
16073073006,1,1601,Congressional District 1,1.0,1.0,1.0,1.0,population
16073073007,1,1601,Congressional District 1,1.0,1.0,1.0,1.0,population
16073073008,1,1601,Congressional District 1,1.0,1.0,1.0,1.0,population
16073073009,1,1601,Congressional District 1,1.0,1.0,1.0,0.9995249464093634,population
16073073010,1,1601,Congressional District 1,1.0,1.0,1.0,0.9999996032878901,population
16073073011,1,1601,Congressional District 1,1.0,1.0,1.0,1.0,population
16073073012,1,1601,Congressional District 1,1.0,1.0,1.0,1.0,population
16075075001,1,1601,Congressional District 1,1.0,1.0,1.0,1.0,population
16075075002,1,1601,Congressional District 1,1.0,1.0,1.0,1.0,population
16075075003,1,1601,Congressional District 1,1.0,1.0,1.0,1.0,population
16075075004,1,1601,Congressional District 1,1.0,1.0,1.0,1.0,population
16075075005,1,1601,Congressional District 1,1.0,1.0,1.0,1.0,population
16075075006,1,1601,Congressional District 1,1.0,1.0,1.0,1.0,population
16075075007,1,1601,Congressional District 1,1.0,1.0,1.0,1.0,population
16075075008,1,1601,Congressional District 1,1.0,1.0,1.0,1.0,population
16075075009,1,1601,Congressional District 1,1.0,1.0,1.0,1.0,population
16075075010,1,1601,Congressional District 1,1.0,1.0,1.0,1.0,population
16079079001,1,1601,Congressional District 1,1.0,1.0,1.0,1.0,population
16079079002,1,1601,Congressional District 1,1.0,1.0,1.0,1.0,population
16079079003,1,1601,Congressional District 1,1.0,1.0,1.0,1.0,population
16079079004,1,1601,Congressional District 1,1.0,1.0,1.0,1.0,population
16079079005,1,1601,Congressional District 1,1.0,1.0,1.0,1.0,population
16079079006,1,1601,Congressional District 1,1.0,1.0,1.0,1.0,population
16079079007,1,1601,Congressional District 1,1.0,1.0,1.0,1.0,population
16079079008,1,1601,Congressional District 1,1.0,1.0,1.0,1.0,population
16079079009,1,1601,Congressional District 1,1.0,1.0,1.0,1.0,population
16079079010,1,1601,Congressional District 1,1.0,1.0,1.0,1.0,population
16079079011,1,1601,Congressional District 1,1.0,1.0,1.0,1.0,population
16079079012,1,1601,Congressional District 1,1.0,1.0,1.0,1.0,population
16079079013,1,1601,Congressional District 1,1.0,1.0,1.0,1.0,population
16079079014,1,1601,Congressional District 1,1.0,1.0,1.0,1.0,population
16079079015,1,1601,Congressional District 1,1.0,1.0,1.0,1.0,population
16079079016,1,1601,Congressional District 1,1.0,1.0,1.0,1.0,population
16079079017,1,1601,Congressional District 1,1.0,1.0,1.0,1.0,population
16079079018,1,1601,Congressional District 1,1.0,1.0,1.0,1.0,population
16085085001,1,1601,Congressional District 1,1.0,1.0,1.0,1.0,population
16085085002,1,1601,Congressional District 1,1.0,1.0,1.0,1.0,population
16085085003,1,1601,Congressional District 1,1.0,1.0,1.0,1.0,population
16085085004,1,1601,Congressional District 1,1.0,1.0,1.0,1.0,population
16085085005,1,1601,Congressional District 1,1.0,1.0,1.0,1.0,population
16085085006,1,1601,Congressional District 1,1.0,1.0,1.0,1.0,population
16085085007,1,1601,Congressional District 1,1.0,1.0,1.0,1.0,population
16085085008,1,1601,Congressional District 1,0.9866666666667555,0.9866666666667555,0.9755102040822125,0.9821138211382042,population
16087087001,1,1601,Congressional District 1,1.0,1.0,1.0,1.0,population
16087087002,1,1601,Congressional District 1,1.0,1.0,1.0,1.0,population
16087087003,1,1601,Congressional District 1,1.0,1.0,1.0,1.0,population
16087087004,1,1601,Congressional District 1,1.0,1.0,1.0,1.0,population
16087087005,1,1601,Congressional District 1,1.0,1.0,1.0,1.0,population
16087087006,1,1601,Congressional District 1,1.0,1.0,1.0,1.0,population
16087087007,1,1601,Congressional District 1,1.0,1.0,1.0,1.0,population
16087087008,1,1601,Congressional District 1,1.0,1.0,1.0,1.0,population
16087087009,1,1601,Congressional District 1,1.0,1.0,1.0,1.0,population
16087087010,1,1601,Congressional District 1,1.0,1.0,1.0,1.0,population
16001001001,2,1602,Congressional District 2,1.0,1.0,1.0,1.0,population
16001001002,2,1602,Congressional District 2,1.0,1.0,1.0,1.0,population
16001001003,2,1602,Congressional District 2,1.0,1.0,1.0,1.0,population
16001001004,2,1602,Congressional District 2,1.0,1.0,1.0,1.0,population
16001001005,2,1602,Congressional District 2,1.0,1.0,1.0,1.0,population
16001001006,2,1602,Congressional District 2,1.0,1.0,1.0,1.0,population
16001001007,2,1602,Congressional District 2,1.0,1.0,1.0,1.0,population
16001001008,2,1602,Congressional District 2,1.0,1.0,1.0,1.0,population
16001001009,2,1602,Congressional District 2,1.0,1.0,1.0,1.0,population
16001001010,2,1602,Congressional District 2,1.0,1.0,1.0,1.0,population
16001001011,2,1602,Congressional District 2,1.0,1.0,1.0,1.0,population
16001001012,2,1602,Congressional District 2,0.09727752027773007,0.09727752027773007,0.09909800529575565,0.4049521727139794,population
16001001013,2,1602,Congressional District 2,1.0,1.0,1.0,1.0,population
16001001014,2,1602,Congressional District 2,1.0,1.0,1.0,1.0,population
16001001015,2,1602,Congressional District 2,1.0,1.0,1.0,1.0,population
16001001016,2,1602,Congressional District 2,1.0,1.0,1.0,1.0,population
16001001017,2,1602,Congressional District 2,1.0,1.0,1.0,1.0,population
16001001018,2,1602,Congressional District 2,1.0,1.0,1.0,1.0,population
16001001019,2,1602,Congressional District 2,1.0,1.0,1.0,1.0,population
16001001020,2,1602,Congressional District 2,1.0,1.0,1.0,1.0,population
16001001021,2,1602,Congressional District 2,1.0,1.0,1.0,1.0,population
16001001022,2,1602,Congressional District 2,1.0,1.0,1.0,1.0,population
16001001023,2,1602,Congressional District 2,1.0,1.0,1.0,1.0,population
16001001024,2,1602,Congressional District 2,1.0,1.0,1.0,1.0,population
16001001025,2,1602,Congressional District 2,1.0,1.0,1.0,1.0,population
16001001026,2,1602,Congressional District 2,1.0,1.0,1.0,1.0,population
16001001027,2,1602,Congressional District 2,1.0,1.0,1.0,1.0,population
16001001028,2,1602,Congressional District 2,1.0,1.0,1.0,1.0,population
16001001030,2,1602,Congressional District 2,1.0,1.0,1.0,1.0,population
16001001031,2,1602,Congressional District 2,1.0,1.0,1.0,1.0,population
16001001032,2,1602,Congressional District 2,1.0,1.0,1.0,1.0,population
16001001033,2,1602,Congressional District 2,1.0,1.0,1.0,1.0,population
16001001034,2,1602,Congressional District 2,1.0,1.0,1.0,1.0,population
16001001035,2,1602,Congressional District 2,1.0,1.0,1.0,1.0,population
16001001036,2,1602,Congressional District 2,1.0,1.0,1.0,1.0,population
16001001037,2,1602,Congressional District 2,1.0,1.0,1.0,1.0,population
16001001038,2,1602,Congressional District 2,1.0,1.0,1.0,1.0,population
16001001039,2,1602,Congressional District 2,1.0,1.0,1.0,1.0,population
16001001040,2,1602,Congressional District 2,1.0,1.0,1.0,1.0,population
16001001041,2,1602,Congressional District 2,1.0,1.0,1.0,1.0,population
16001001042,2,1602,Congressional District 2,1.0,1.0,1.0,1.0,population
16001001043,2,1602,Congressional District 2,1.0,1.0,1.0,1.0,population
16001001044,2,1602,Congressional District 2,1.0,1.0,1.0,1.0,population
16001001045,2,1602,Congressional District 2,1.0,1.0,1.0,1.0,population
16001001048,2,1602,Congressional District 2,1.0,1.0,1.0,1.0,population
16001001049,2,1602,Congressional District 2,1.0,1.0,1.0,1.0,population
16001001050,2,1602,Congressional District 2,1.0,1.0,1.0,1.0,population
16001001051,2,1602,Congressional District 2,1.0,1.0,1.0,1.0,population
16001001053,2,1602,Congressional District 2,1.0,1.0,1.0,1.0,population
16001001054,2,1602,Congressional District 2,1.0,1.0,1.0,1.0,population
16001001055,2,1602,Congressional District 2,1.0,1.0,1.0,1.0,population
16001001056,2,1602,Congressional District 2,1.0,1.0,1.0,1.0,population
16001001057,2,1602,Congressional District 2,1.0,1.0,1.0,1.0,population
16001001058,2,1602,Congressional District 2,1.0,1.0,1.0,1.0,population
16001001059,2,1602,Congressional District 2,1.0,1.0,1.0,1.0,population
16001001060,2,1602,Congressional District 2,1.0,1.0,1.0,1.0,population
16001001061,2,1602,Congressional District 2,1.0,1.0,1.0,1.0,population
16001001062,2,1602,Congressional District 2,1.0,1.0,1.0,1.0,population
16001001063,2,1602,Congressional District 2,1.0,1.0,1.0,1.0,population
16001001064,2,1602,Congressional District 2,1.0,1.0,1.0,1.0,population
16001001065,2,1602,Congressional District 2,0.9984461757134065,0.9984461757134065,0.9991377264906415,0.9934495028564555,population
16001001066,2,1602,Congressional District 2,0.8472596585806282,0.8472596585806282,0.8593530239097514,0.7777777777778968,population
16001001067,2,1602,Congressional District 2,0.40069341257990776,0.40069341257990776,0.4263005780350332,0.5495495495467845,population
16001001069,2,1602,Congressional District 2,0.015189873417709021,0.015189873417709021,0.12087912087854526,0.42483660130653594,population
16001001075,2,1602,Congressional District 2,1.0,1.0,1.0,1.0,population
16001001076,2,1602,Congressional District 2,1.0,1.0,1.0,1.0,population
16001001079,2,1602,Congressional District 2,1.0,1.0,1.0,1.0,population
16001001080,2,1602,Congressional District 2,1.0,1.0,1.0,1.0,population
16001001081,2,1602,Congressional District 2,1.0,1.0,1.0,1.0,population
16001001082,2,1602,Congressional District 2,1.0,1.0,1.0,1.0,population
16001001084,2,1602,Congressional District 2,1.0,1.0,1.0,1.0,population
16001001086,2,1602,Congressional District 2,1.0,1.0,1.0,1.0,population
16001001087,2,1602,Congressional District 2,1.0,1.0,1.0,1.0,population
16001001088,2,1602,Congressional District 2,0.0020495411679667583,0.0020495411679667583,0.0023572320519241654,0.11464843578866442,population
16001001089,2,1602,Congressional District 2,0.11725293132252738,0.11725293132252738,0.15276273022624068,0.23076923076605954,population
16001001100,2,1602,Congressional District 2,1.0,1.0,1.0,1.0,population
16001001101,2,1602,Congressional District 2,1.0,1.0,1.0,1.0,population
16001001102,2,1602,Congressional District 2,1.0,1.0,1.0,1.0,population
16001001104,2,1602,Congressional District 2,1.0,1.0,1.0,1.0,population
16001001106,2,1602,Congressional District 2,1.0,1.0,1.0,1.0,population
16001001107,2,1602,Congressional District 2,1.0,1.0,1.0,1.0,population
16001001108,2,1602,Congressional District 2,1.0,1.0,1.0,1.0,population
16001001110,2,1602,Congressional District 2,1.0,1.0,1.0,1.0,population
16001001111,2,1602,Congressional District 2,1.0,1.0,1.0,1.0,population
16001001113,2,1602,Congressional District 2,1.0,1.0,1.0,1.0,population
16001001114,2,1602,Congressional District 2,1.0,1.0,1.0,1.0,population
16001001115,2,1602,Congressional District 2,1.0,1.0,1.0,1.0,population
16001001116,2,1602,Congressional District 2,4.026517719482762e-07,4.026517719482762e-07,5.319511450273809e-07,0.00013720069245454181,population
16001001117,2,1602,Congressional District 2,1.0,1.0,1.0,1.0,population
16001001118,2,1602,Congressional District 2,1.0,1.0,1.0,1.0,population
16001001119,2,1602,Congressional District 2,1.0,1.0,1.0,1.0,population
16001001120,2,1602,Congressional District 2,1.0,1.0,1.0,1.0,population
16001001121,2,1602,Congressional District 2,1.0,1.0,1.0,1.0,population
16001001122,2,1602,Congressional District 2,1.0,1.0,1.0,1.0,population
16001001123,2,1602,Congressional District 2,1.0,1.0,1.0,1.0,population
16001001124,2,1602,Congressional District 2,1.0,1.0,1.0,1.0,population
16001001125,2,1602,Congressional District 2,1.0,1.0,1.0,1.0,population
16001001126,2,1602,Congressional District 2,1.0,1.0,1.0,1.0,population
16001001127,2,1602,Congressional District 2,1.0,1.0,1.0,1.0,population
16001001128,2,1602,Congressional District 2,1.0,1.0,1.0,1.0,population
16001001129,2,1602,Congressional District 2,1.0,1.0,1.0,1.0,population
16001001130,2,1602,Congressional District 2,1.0,1.0,1.0,1.0,population
16001001131,2,1602,Congressional District 2,1.0,1.0,0.9999869981821929,0.9997251888509087,population
16005005001,2,1602,Congressional District 2,1.0,1.0,1.0,1.0,population
16005005002,2,1602,Congressional District 2,1.0,1.0,1.0,1.0,population
16005005003,2,1602,Congressional District 2,1.0,1.0,1.0,1.0,population
16005005004,2,1602,Congressional District 2,1.0,1.0,1.0,1.0,population
16005005005,2,1602,Congressional District 2,1.0,1.0,1.0,1.0,population
16005005006,2,1602,Congressional District 2,1.0,1.0,1.0,1.0,population
16005005007,2,1602,Congressional District 2,1.0,1.0,1.0,1.0,population
16005005008,2,1602,Congressional District 2,1.0,1.0,1.0,1.0,population
16005005009,2,1602,Congressional District 2,1.0,1.0,1.0,1.0,population
16005005010,2,1602,Congressional District 2,1.0,1.0,1.0,1.0,population
16005005011,2,1602,Congressional District 2,1.0,1.0,1.0,1.0,population
16005005012,2,1602,Congressional District 2,1.0,1.0,1.0,1.0,population
16005005013,2,1602,Congressional District 2,1.0,1.0,1.0,1.0,population
16005005014,2,1602,Congressional District 2,1.0,1.0,1.0,1.0,population
16005005015,2,1602,Congressional District 2,1.0,1.0,1.0,1.0,population
16005005016,2,1602,Congressional District 2,1.0,1.0,1.0,1.0,population
16005005017,2,1602,Congressional District 2,1.0,1.0,1.0,1.0,population
16005005018,2,1602,Congressional District 2,1.0,1.0,1.0,1.0,population
16005005019,2,1602,Congressional District 2,1.0,1.0,1.0,1.0,population
16005005020,2,1602,Congressional District 2,1.0,1.0,1.0,1.0,population
16005005021,2,1602,Congressional District 2,1.0,1.0,1.0,1.0,population
16005005022,2,1602,Congressional District 2,1.0,1.0,1.0,1.0,population
16005005023,2,1602,Congressional District 2,1.0,1.0,1.0,1.0,population
16005005024,2,1602,Congressional District 2,1.0,1.0,1.0,1.0,population
16005005025,2,1602,Congressional District 2,1.0,1.0,1.0,1.0,population
16005005026,2,1602,Congressional District 2,1.0,1.0,1.0,1.0,population
16005005027,2,1602,Congressional District 2,1.0,1.0,1.0,1.0,population
16005005028,2,1602,Congressional District 2,1.0,1.0,1.0,1.0,population
16005005029,2,1602,Congressional District 2,1.0,1.0,1.0,1.0,population
16005005030,2,1602,Congressional District 2,1.0,1.0,1.0,1.0,population
16005005036,2,1602,Congressional District 2,1.0,1.0,1.0,1.0,population
16005005037,2,1602,Congressional District 2,1.0,1.0,1.0,1.0,population
16005005038,2,1602,Congressional District 2,1.0,1.0,1.0,1.0,population
16005005040,2,1602,Congressional District 2,1.0,1.0,1.0,1.0,population
16005005041,2,1602,Congressional District 2,1.0,1.0,1.0,1.0,population
16005005042,2,1602,Congressional District 2,1.0,1.0,1.0,1.0,population
16005005043,2,1602,Congressional District 2,1.0,1.0,1.0,1.0,population
16005005044,2,1602,Congressional District 2,1.0,1.0,1.0,1.0,population
16005005045,2,1602,Congressional District 2,1.0,1.0,1.0,1.0,population
16005005046,2,1602,Congressional District 2,1.0,1.0,1.0,1.0,population
16005005047,2,1602,Congressional District 2,1.0,1.0,1.0,1.0,population
16005005048,2,1602,Congressional District 2,1.0,1.0,1.0,1.0,population
16005005049,2,1602,Congressional District 2,1.0,1.0,1.0,1.0,population
16005005050,2,1602,Congressional District 2,1.0,1.0,1.0,1.0,population
16005005051,2,1602,Congressional District 2,1.0,1.0,1.0,1.0,population
16005005052,2,1602,Congressional District 2,1.0,1.0,1.0,1.0,population
16005005053,2,1602,Congressional District 2,1.0,1.0,1.0,1.0,population
16005005054,2,1602,Congressional District 2,1.0,1.0,1.0,1.0,population
16005005055,2,1602,Congressional District 2,1.0,1.0,1.0,1.0,population
16005005056,2,1602,Congressional District 2,1.0,1.0,1.0,1.0,population
16005005057,2,1602,Congressional District 2,1.0,1.0,1.0,1.0,population
16007007001,2,1602,Congressional District 2,1.0,1.0,1.0,1.0,population
16007007002,2,1602,Congressional District 2,1.0,1.0,1.0,1.0,population
16007007003,2,1602,Congressional District 2,1.0,1.0,1.0,1.0,population
16007007004,2,1602,Congressional District 2,1.0,1.0,1.0,1.0,population
16007007005,2,1602,Congressional District 2,1.0,1.0,1.0,1.0,population
16007007006,2,1602,Congressional District 2,1.0,1.0,1.0,1.0,population
16007007007,2,1602,Congressional District 2,1.0,1.0,1.0,1.0,population
16007007008,2,1602,Congressional District 2,1.0,1.0,1.0,1.0,population
16007007009,2,1602,Congressional District 2,1.0,1.0,1.0,1.0,population
16007007010,2,1602,Congressional District 2,1.0,1.0,1.0,1.0,population
16007007011,2,1602,Congressional District 2,1.0,1.0,1.0,1.0,population
16007007012,2,1602,Congressional District 2,1.0,1.0,1.0,1.0,population
16007007013,2,1602,Congressional District 2,1.0,1.0,1.0,1.0,population
16007007014,2,1602,Congressional District 2,1.0,1.0,1.0,1.0,population
16007007015,2,1602,Congressional District 2,1.0,1.0,1.0,1.0,population
16007007016,2,1602,Congressional District 2,1.0,1.0,1.0,1.0,population
16011011001,2,1602,Congressional District 2,1.0,1.0,1.0,1.0,population
16011011002,2,1602,Congressional District 2,1.0,1.0,1.0,1.0,population
16011011003,2,1602,Congressional District 2,1.0,1.0,1.0,1.0,population
16011011004,2,1602,Congressional District 2,1.0,1.0,1.0,1.0,population
16011011005,2,1602,Congressional District 2,1.0,1.0,1.0,1.0,population
16011011006,2,1602,Congressional District 2,1.0,1.0,1.0,1.0,population
16011011007,2,1602,Congressional District 2,1.0,1.0,1.0,1.0,population
16011011008,2,1602,Congressional District 2,1.0,1.0,1.0,1.0,population
16011011009,2,1602,Congressional District 2,1.0,1.0,1.0,1.0,population
16011011010,2,1602,Congressional District 2,1.0,1.0,1.0,1.0,population
16011011011,2,1602,Congressional District 2,1.0,1.0,1.0,1.0,population
16011011012,2,1602,Congressional District 2,1.0,1.0,1.0,1.0,population
16011011013,2,1602,Congressional District 2,1.0,1.0,1.0,1.0,population
16011011014,2,1602,Congressional District 2,1.0,1.0,1.0,1.0,population
16011011015,2,1602,Congressional District 2,1.0,1.0,1.0,1.0,population
16011011016,2,1602,Congressional District 2,1.0,1.0,1.0,1.0,population
16011011017,2,1602,Congressional District 2,1.0,1.0,1.0,1.0,population
16011011018,2,1602,Congressional District 2,1.0,1.0,1.0,1.0,population
16011011019,2,1602,Congressional District 2,1.0,1.0,1.0,1.0,population
16011011020,2,1602,Congressional District 2,1.0,1.0,1.0,1.0,population
16011011021,2,1602,Congressional District 2,1.0,1.0,1.0,1.0,population
16011011022,2,1602,Congressional District 2,1.0,1.0,1.0,1.0,population
16013013001,2,1602,Congressional District 2,1.0,1.0,1.0,1.0,population
16013013002,2,1602,Congressional District 2,1.0,1.0,1.0,1.0,population
16013013003,2,1602,Congressional District 2,1.0,1.0,1.0,1.0,population
16013013004,2,1602,Congressional District 2,1.0,1.0,1.0,1.0,population
16013013005,2,1602,Congressional District 2,1.0,1.0,1.0,1.0,population
16013013006,2,1602,Congressional District 2,1.0,1.0,1.0,1.0,population
16013013007,2,1602,Congressional District 2,1.0,1.0,1.0,1.0,population
16013013008,2,1602,Congressional District 2,1.0,1.0,1.0,1.0,population
16013013009,2,1602,Congressional District 2,1.0,1.0,1.0,1.0,population
16013013010,2,1602,Congressional District 2,1.0,1.0,1.0,1.0,population
16013013011,2,1602,Congressional District 2,1.0,1.0,1.0,1.0,population
16013013012,2,1602,Congressional District 2,1.0,1.0,1.0,1.0,population
16013013013,2,1602,Congressional District 2,1.0,1.0,1.0,1.0,population
16013013014,2,1602,Congressional District 2,1.0,1.0,1.0,1.0,population
16015015040,2,1602,Congressional District 2,0.00035002899559522047,0.00035002899559522047,0.00013914798188398745,0.007595755032590943,population
16019019001,2,1602,Congressional District 2,1.0,1.0,1.0,1.0,population
16019019002,2,1602,Congressional District 2,1.0,1.0,1.0,1.0,population
16019019003,2,1602,Congressional District 2,1.0,1.0,1.0,1.0,population
16019019004,2,1602,Congressional District 2,1.0,1.0,1.0,1.0,population
16019019005,2,1602,Congressional District 2,1.0,1.0,1.0,1.0,population
16019019006,2,1602,Congressional District 2,1.0,1.0,1.0,1.0,population
16019019007,2,1602,Congressional District 2,1.0,1.0,1.0,1.0,population
16019019008,2,1602,Congressional District 2,1.0,1.0,1.0,1.0,population
16019019009,2,1602,Congressional District 2,1.0,1.0,1.0,1.0,population
16019019010,2,1602,Congressional District 2,1.0,1.0,1.0,1.0,population
16019019011,2,1602,Congressional District 2,1.0,1.0,1.0,1.0,population
16019019012,2,1602,Congressional District 2,1.0,1.0,1.0,1.0,population
16019019013,2,1602,Congressional District 2,1.0,1.0,1.0,1.0,population
16019019014,2,1602,Congressional District 2,1.0,1.0,1.0,1.0,population
16019019015,2,1602,Congressional District 2,1.0,1.0,1.0,1.0,population
16019019016,2,1602,Congressional District 2,1.0,1.0,1.0,1.0,population
16019019017,2,1602,Congressional District 2,1.0,1.0,1.0,1.0,population
16019019018,2,1602,Congressional District 2,1.0,1.0,1.0,1.0,population
16019019019,2,1602,Congressional District 2,1.0,1.0,1.0,1.0,population
16019019020,2,1602,Congressional District 2,1.0,1.0,1.0,1.0,population
16019019021,2,1602,Congressional District 2,1.0,1.0,1.0,1.0,population
16019019022,2,1602,Congressional District 2,1.0,1.0,1.0,1.0,population
16019019023,2,1602,Congressional District 2,1.0,1.0,1.0,1.0,population
16019019024,2,1602,Congressional District 2,1.0,1.0,1.0,1.0,population
16019019025,2,1602,Congressional District 2,1.0,1.0,1.0,1.0,population
16019019026,2,1602,Congressional District 2,1.0,1.0,1.0,1.0,population
16019019027,2,1602,Congressional District 2,1.0,1.0,1.0,1.0,population
16019019036,2,1602,Congressional District 2,1.0,1.0,1.0,1.0,population
16019019037,2,1602,Congressional District 2,1.0,1.0,1.0,1.0,population
16019019038,2,1602,Congressional District 2,1.0,1.0,1.0,1.0,population
16019019039,2,1602,Congressional District 2,1.0,1.0,1.0,1.0,population
16019019040,2,1602,Congressional District 2,1.0,1.0,1.0,1.0,population
16019019041,2,1602,Congressional District 2,1.0,1.0,1.0,1.0,population
16019019042,2,1602,Congressional District 2,1.0,1.0,1.0,1.0,population
16019019043,2,1602,Congressional District 2,1.0,1.0,1.0,1.0,population
16019019044,2,1602,Congressional District 2,1.0,1.0,1.0,1.0,population
16019019045,2,1602,Congressional District 2,1.0,1.0,1.0,1.0,population
16019019046,2,1602,Congressional District 2,1.0,1.0,1.0,1.0,population
16019019047,2,1602,Congressional District 2,1.0,1.0,1.0,1.0,population
16019019048,2,1602,Congressional District 2,1.0,1.0,1.0,1.0,population
16019019049,2,1602,Congressional District 2,1.0,1.0,1.0,1.0,population
16019019050,2,1602,Congressional District 2,1.0,1.0,1.0,1.0,population
16019019051,2,1602,Congressional District 2,1.0,1.0,1.0,1.0,population
16019019052,2,1602,Congressional District 2,1.0,1.0,1.0,1.0,population
16019019053,2,1602,Congressional District 2,1.0,1.0,1.0,1.0,population
16019019054,2,1602,Congressional District 2,1.0,1.0,1.0,1.0,population
16019019055,2,1602,Congressional District 2,1.0,1.0,1.0,1.0,population
16019019056,2,1602,Congressional District 2,1.0,1.0,1.0,1.0,population
16019019057,2,1602,Congressional District 2,1.0,1.0,1.0,1.0,population
16023023001,2,1602,Congressional District 2,1.0,1.0,1.0,1.0,population
16023023002,2,1602,Congressional District 2,1.0,1.0,1.0,1.0,population
16023023003,2,1602,Congressional District 2,1.0,1.0,1.0,1.0,population
16023023004,2,1602,Congressional District 2,1.0,1.0,1.0,1.0,population
16025025001,2,1602,Congressional District 2,1.0,1.0,1.0,1.0,population
16025025002,2,1602,Congressional District 2,1.0,1.0,1.0,1.0,population
16029029001,2,1602,Congressional District 2,1.0,1.0,1.0,1.0,population
16029029002,2,1602,Congressional District 2,1.0,1.0,1.0,1.0,population
16029029003,2,1602,Congressional District 2,1.0,1.0,1.0,1.0,population
16029029004,2,1602,Congressional District 2,1.0,1.0,1.0,1.0,population
16029029005,2,1602,Congressional District 2,1.0,1.0,1.0,1.0,population
16029029006,2,1602,Congressional District 2,1.0,1.0,1.0,1.0,population
16029029007,2,1602,Congressional District 2,1.0,1.0,1.0,1.0,population
16029029008,2,1602,Congressional District 2,1.0,1.0,1.0,1.0,population
16029029009,2,1602,Congressional District 2,1.0,1.0,1.0,1.0,population
16031031001,2,1602,Congressional District 2,1.0,1.0,1.0,1.0,population
16031031002,2,1602,Congressional District 2,1.0,1.0,1.0,1.0,population
16031031003,2,1602,Congressional District 2,1.0,1.0,1.0,1.0,population
16031031004,2,1602,Congressional District 2,1.0,1.0,1.0,1.0,population
16031031005,2,1602,Congressional District 2,1.0,1.0,1.0,1.0,population
16031031006,2,1602,Congressional District 2,1.0,1.0,1.0,1.0,population
16031031007,2,1602,Congressional District 2,1.0,1.0,1.0,1.0,population
16031031008,2,1602,Congressional District 2,1.0,1.0,1.0,1.0,population
16031031009,2,1602,Congressional District 2,1.0,1.0,1.0,1.0,population
16031031010,2,1602,Congressional District 2,1.0,1.0,1.0,1.0,population
16031031011,2,1602,Congressional District 2,1.0,1.0,1.0,1.0,population
16031031012,2,1602,Congressional District 2,1.0,1.0,1.0,1.0,population
16031031013,2,1602,Congressional District 2,1.0,1.0,1.0,1.0,population
16031031014,2,1602,Congressional District 2,1.0,1.0,1.0,1.0,population
16031031015,2,1602,Congressional District 2,1.0,1.0,1.0,1.0,population
16031031016,2,1602,Congressional District 2,1.0,1.0,1.0,1.0,population
16031031017,2,1602,Congressional District 2,1.0,1.0,1.0,1.0,population
16031031018,2,1602,Congressional District 2,1.0,1.0,1.0,1.0,population
16031031019,2,1602,Congressional District 2,1.0,1.0,1.0,1.0,population
16031031020,2,1602,Congressional District 2,1.0,1.0,1.0,1.0,population
16031031021,2,1602,Congressional District 2,1.0,1.0,1.0,1.0,population
16031031022,2,1602,Congressional District 2,1.0,1.0,1.0,1.0,population
16031031023,2,1602,Congressional District 2,1.0,1.0,1.0,1.0,population
16031031024,2,1602,Congressional District 2,1.0,1.0,1.0,1.0,population
16031031025,2,1602,Congressional District 2,1.0,1.0,1.0,1.0,population
16033033001,2,1602,Congressional District 2,1.0,1.0,1.0,1.0,population
16033033002,2,1602,Congressional District 2,1.0,1.0,1.0,1.0,population
16033033003,2,1602,Congressional District 2,1.0,1.0,1.0,1.0,population
16037037001,2,1602,Congressional District 2,1.0,1.0,1.0,1.0,population
16037037002,2,1602,Congressional District 2,1.0,1.0,1.0,1.0,population
16037037003,2,1602,Congressional District 2,1.0,1.0,1.0,1.0,population
16037037004,2,1602,Congressional District 2,0.9999999829431533,0.9999999829431533,0.9999999851549203,0.9999310028506803,population
16037037005,2,1602,Congressional District 2,1.0,1.0,1.0,1.0,population
16037037006,2,1602,Congressional District 2,1.0,1.0,1.0,1.0,population
16037037007,2,1602,Congressional District 2,1.0,1.0,1.0,1.0,population
16037037008,2,1602,Congressional District 2,1.0,1.0,1.0,1.0,population
16037037009,2,1602,Congressional District 2,1.0,1.0,1.0,1.0,population
16037037010,2,1602,Congressional District 2,1.0,1.0,1.0,1.0,population
16039039001,2,1602,Congressional District 2,1.0,1.0,1.0,1.0,population
16039039002,2,1602,Congressional District 2,1.0,1.0,1.0,1.0,population
16039039005,2,1602,Congressional District 2,1.0,1.0,1.0,1.0,population
16039039006,2,1602,Congressional District 2,1.0,1.0,1.0,1.0,population
16039039007,2,1602,Congressional District 2,1.0,1.0,1.0,1.0,population
16039039008,2,1602,Congressional District 2,1.0,1.0,1.0,1.0,population
16039039009,2,1602,Congressional District 2,1.0,1.0,1.0,1.0,population
16039039010,2,1602,Congressional District 2,1.0,1.0,1.0,1.0,population
16039039011,2,1602,Congressional District 2,1.0,1.0,1.0,1.0,population
16039039012,2,1602,Congressional District 2,1.0,1.0,1.0,1.0,population
16039039013,2,1602,Congressional District 2,1.0,1.0,1.0,1.0,population
16039039014,2,1602,Congressional District 2,1.0,1.0,1.0,1.0,population
16039039015,2,1602,Congressional District 2,1.0,1.0,1.0,1.0,population
16039039016,2,1602,Congressional District 2,1.0,1.0,1.0,1.0,population
16039039017,2,1602,Congressional District 2,1.0,1.0,1.0,1.0,population
16039039018,2,1602,Congressional District 2,1.0,1.0,1.0,0.9986097268327775,population
16039039019,2,1602,Congressional District 2,1.0,1.0,1.0,0.9965337954939317,population
16041041001,2,1602,Congressional District 2,1.0,1.0,1.0,1.0,population
16041041002,2,1602,Congressional District 2,1.0,1.0,1.0,1.0,population
16041041003,2,1602,Congressional District 2,1.0,1.0,1.0,1.0,population
16041041004,2,1602,Congressional District 2,1.0,1.0,1.0,1.0,population
16041041005,2,1602,Congressional District 2,1.0,1.0,1.0,1.0,population
16041041006,2,1602,Congressional District 2,1.0,1.0,1.0,1.0,population
16041041007,2,1602,Congressional District 2,1.0,1.0,1.0,1.0,population
16041041008,2,1602,Congressional District 2,1.0,1.0,1.0,1.0,population
16041041009,2,1602,Congressional District 2,1.0,1.0,1.0,1.0,population
16041041010,2,1602,Congressional District 2,1.0,1.0,1.0,1.0,population
16041041011,2,1602,Congressional District 2,1.0,1.0,1.0,1.0,population
16041041012,2,1602,Congressional District 2,1.0,1.0,1.0,1.0,population
16041041013,2,1602,Congressional District 2,1.0,1.0,1.0,1.0,population
16041041014,2,1602,Congressional District 2,1.0,1.0,1.0,1.0,population
16041041015,2,1602,Congressional District 2,1.0,1.0,1.0,1.0,population
16041041016,2,1602,Congressional District 2,1.0,1.0,1.0,1.0,population
16043043001,2,1602,Congressional District 2,1.0,1.0,1.0,1.0,population
16043043002,2,1602,Congressional District 2,1.0,1.0,1.0,1.0,population
16043043003,2,1602,Congressional District 2,1.0,1.0,1.0,1.0,population
16043043004,2,1602,Congressional District 2,1.0,1.0,1.0,1.0,population
16043043005,2,1602,Congressional District 2,1.0,1.0,1.0,1.0,population
16043043006,2,1602,Congressional District 2,1.0,1.0,1.0,1.0,population
16043043007,2,1602,Congressional District 2,1.0,1.0,1.0,1.0,population
16043043008,2,1602,Congressional District 2,1.0,1.0,1.0,1.0,population
16043043009,2,1602,Congressional District 2,1.0,1.0,1.0,1.0,population
16043043010,2,1602,Congressional District 2,1.0,1.0,1.0,1.0,population
16043043011,2,1602,Congressional District 2,1.0,1.0,1.0,1.0,population
16043043012,2,1602,Congressional District 2,1.0,1.0,1.0,1.0,population
16043043013,2,1602,Congressional District 2,1.0,1.0,1.0,1.0,population
16043043014,2,1602,Congressional District 2,1.0,1.0,1.0,1.0,population
16043043015,2,1602,Congressional District 2,1.0,1.0,1.0,1.0,population
16047047001,2,1602,Congressional District 2,1.0,1.0,1.0,1.0,population
16047047002,2,1602,Congressional District 2,1.0,1.0,1.0,1.0,population
16047047003,2,1602,Congressional District 2,1.0,1.0,1.0,1.0,population
16047047004,2,1602,Congressional District 2,1.0,1.0,1.0,1.0,population
16047047005,2,1602,Congressional District 2,1.0,1.0,1.0,1.0,population
16047047006,2,1602,Congressional District 2,1.0,1.0,1.0,1.0,population
16047047007,2,1602,Congressional District 2,1.0,1.0,1.0,1.0,population
16047047008,2,1602,Congressional District 2,1.0,1.0,1.0,1.0,population
16047047009,2,1602,Congressional District 2,1.0,1.0,1.0,1.0,population
16047047010,2,1602,Congressional District 2,1.0,1.0,1.0,1.0,population
16047047011,2,1602,Congressional District 2,1.0,1.0,1.0,1.0,population
16047047012,2,1602,Congressional District 2,1.0,1.0,1.0,1.0,population
16051051001,2,1602,Congressional District 2,1.0,1.0,1.0,1.0,population
16051051002,2,1602,Congressional District 2,1.0,1.0,1.0,1.0,population
16051051003,2,1602,Congressional District 2,1.0,1.0,1.0,1.0,population
16051051004,2,1602,Congressional District 2,1.0,1.0,1.0,1.0,population
16051051005,2,1602,Congressional District 2,1.0,1.0,1.0,1.0,population
16051051006,2,1602,Congressional District 2,1.0,1.0,1.0,1.0,population
16051051007,2,1602,Congressional District 2,1.0,1.0,1.0,1.0,population
16051051008,2,1602,Congressional District 2,1.0,1.0,1.0,1.0,population
16051051009,2,1602,Congressional District 2,1.0,1.0,1.0,1.0,population
16051051010,2,1602,Congressional District 2,1.0,1.0,1.0,1.0,population
16051051011,2,1602,Congressional District 2,1.0,1.0,1.0,1.0,population
16051051012,2,1602,Congressional District 2,1.0,1.0,1.0,1.0,population
16051051013,2,1602,Congressional District 2,1.0,1.0,1.0,1.0,population
16051051014,2,1602,Congressional District 2,1.0,1.0,1.0,1.0,population
16051051015,2,1602,Congressional District 2,1.0,1.0,1.0,1.0,population
16051051016,2,1602,Congressional District 2,1.0,1.0,1.0,1.0,population
16051051017,2,1602,Congressional District 2,1.0,1.0,1.0,1.0,population
16053053001,2,1602,Congressional District 2,1.0,1.0,1.0,1.0,population
16053053002,2,1602,Congressional District 2,1.0,1.0,1.0,1.0,population
16053053003,2,1602,Congressional District 2,1.0,1.0,1.0,1.0,population
16053053004,2,1602,Congressional District 2,1.0,1.0,1.0,1.0,population
16053053005,2,1602,Congressional District 2,1.0,1.0,1.0,1.0,population
16053053006,2,1602,Congressional District 2,1.0,1.0,1.0,1.0,population
16053053007,2,1602,Congressional District 2,1.0,1.0,1.0,1.0,population
16053053008,2,1602,Congressional District 2,1.0,1.0,1.0,1.0,population
16053053009,2,1602,Congressional District 2,1.0,1.0,1.0,1.0,population
16053053010,2,1602,Congressional District 2,1.0,1.0,1.0,1.0,population
16053053011,2,1602,Congressional District 2,1.0,1.0,1.0,1.0,population
16053053012,2,1602,Congressional District 2,1.0,1.0,1.0,1.0,population
16059059001,2,1602,Congressional District 2,1.0,1.0,1.0,1.0,population
16059059002,2,1602,Congressional District 2,1.0,1.0,1.0,1.0,population
16059059003,2,1602,Congressional District 2,1.0,1.0,1.0,1.0,population
16059059004,2,1602,Congressional District 2,1.0,1.0,1.0,1.0,population
16059059005,2,1602,Congressional District 2,1.0,1.0,1.0,1.0,population
16059059006,2,1602,Congressional District 2,1.0,1.0,1.0,1.0,population
16059059007,2,1602,Congressional District 2,1.0,1.0,1.0,1.0,population
16059059008,2,1602,Congressional District 2,1.0,1.0,1.0,1.0,population
16059059009,2,1602,Congressional District 2,1.0,1.0,1.0,1.0,population
16059059010,2,1602,Congressional District 2,1.0,1.0,1.0,1.0,population
16059059011,2,1602,Congressional District 2,1.0,1.0,1.0,1.0,population
16059059012,2,1602,Congressional District 2,1.0,1.0,1.0,1.0,population
16059059013,2,1602,Congressional District 2,1.0,1.0,1.0,1.0,population
16063063001,2,1602,Congressional District 2,1.0,1.0,1.0,1.0,population
16063063002,2,1602,Congressional District 2,1.0,1.0,1.0,1.0,population
16063063003,2,1602,Congressional District 2,1.0,1.0,1.0,1.0,population
16063063004,2,1602,Congressional District 2,1.0,1.0,1.0,1.0,population
16063063005,2,1602,Congressional District 2,1.0,1.0,1.0,1.0,population
16063063006,2,1602,Congressional District 2,1.0,1.0,1.0,1.0,population
16065065001,2,1602,Congressional District 2,1.0,1.0,1.0,1.0,population
16065065002,2,1602,Congressional District 2,1.0,1.0,1.0,1.0,population
16065065003,2,1602,Congressional District 2,1.0,1.0,1.0,1.0,population
16065065004,2,1602,Congressional District 2,1.0,1.0,1.0,1.0,population
16065065005,2,1602,Congressional District 2,1.0,1.0,1.0,1.0,population
16065065006,2,1602,Congressional District 2,1.0,1.0,1.0,1.0,population
16065065007,2,1602,Congressional District 2,1.0,1.0,1.0,1.0,population
16065065008,2,1602,Congressional District 2,1.0,1.0,1.0,1.0,population
16065065009,2,1602,Congressional District 2,1.0,1.0,1.0,1.0,population
16065065010,2,1602,Congressional District 2,1.0,1.0,1.0,1.0,population
16065065011,2,1602,Congressional District 2,1.0,1.0,1.0,1.0,population
16065065012,2,1602,Congressional District 2,1.0,1.0,1.0,1.0,population
16065065013,2,1602,Congressional District 2,1.0,1.0,1.0,1.0,population
16065065014,2,1602,Congressional District 2,1.0,1.0,1.0,1.0,population
16067067001,2,1602,Congressional District 2,1.0,1.0,1.0,1.0,population
16067067002,2,1602,Congressional District 2,1.0,1.0,1.0,1.0,population
16067067003,2,1602,Congressional District 2,1.0,1.0,1.0,1.0,population
16067067004,2,1602,Congressional District 2,1.0,1.0,1.0,1.0,population
16067067005,2,1602,Congressional District 2,1.0,1.0,1.0,1.0,population
16067067006,2,1602,Congressional District 2,1.0,1.0,1.0,1.0,population
16067067007,2,1602,Congressional District 2,1.0,1.0,1.0,1.0,population
16067067008,2,1602,Congressional District 2,1.0,1.0,1.0,1.0,population
16067067009,2,1602,Congressional District 2,1.0,1.0,1.0,1.0,population
16067067010,2,1602,Congressional District 2,1.0,1.0,1.0,1.0,population
16067067011,2,1602,Congressional District 2,1.0,1.0,1.0,1.0,population
16071071001,2,1602,Congressional District 2,1.0,1.0,1.0,1.0,population
16071071002,2,1602,Congressional District 2,1.0,1.0,1.0,1.0,population
16071071003,2,1602,Congressional District 2,1.0,1.0,1.0,1.0,population
16071071004,2,1602,Congressional District 2,1.0,1.0,1.0,1.0,population
16071071005,2,1602,Congressional District 2,1.0,1.0,1.0,1.0,population
16071071006,2,1602,Congressional District 2,1.0,1.0,1.0,1.0,population
16073073009,2,1602,Congressional District 2,0.0,0.0,0.0,0.0004750535906365066,population
16073073010,2,1602,Congressional District 2,0.0,0.0,0.0,3.967121098623879e-07,population
16077077001,2,1602,Congressional District 2,1.0,1.0,1.0,1.0,population
16077077002,2,1602,Congressional District 2,1.0,1.0,1.0,1.0,population
16077077003,2,1602,Congressional District 2,1.0,1.0,1.0,1.0,population
16077077004,2,1602,Congressional District 2,1.0,1.0,1.0,1.0,population
16077077005,2,1602,Congressional District 2,1.0,1.0,1.0,1.0,population
16077077006,2,1602,Congressional District 2,1.0,1.0,1.0,1.0,population
16081081001,2,1602,Congressional District 2,1.0,1.0,1.0,1.0,population
16081081002,2,1602,Congressional District 2,1.0,1.0,1.0,1.0,population
16081081003,2,1602,Congressional District 2,1.0,1.0,1.0,1.0,population
16081081004,2,1602,Congressional District 2,1.0,1.0,1.0,1.0,population
16083083001,2,1602,Congressional District 2,1.0,1.0,1.0,1.0,population
16083083002,2,1602,Congressional District 2,1.0,1.0,1.0,1.0,population
16083083003,2,1602,Congressional District 2,1.0,1.0,1.0,1.0,population
16083083004,2,1602,Congressional District 2,1.0,1.0,1.0,1.0,population
16083083005,2,1602,Congressional District 2,1.0,1.0,1.0,1.0,population
16083083006,2,1602,Congressional District 2,1.0,1.0,1.0,1.0,population
16083083007,2,1602,Congressional District 2,1.0,1.0,1.0,1.0,population
16083083008,2,1602,Congressional District 2,1.0,1.0,1.0,1.0,population
16083083009,2,1602,Congressional District 2,1.0,1.0,1.0,1.0,population
16083083010,2,1602,Congressional District 2,1.0,1.0,1.0,1.0,population
16083083011,2,1602,Congressional District 2,1.0,1.0,1.0,1.0,population
16083083012,2,1602,Congressional District 2,1.0,1.0,1.0,1.0,population
16083083013,2,1602,Congressional District 2,1.0,1.0,1.0,1.0,population
16083083014,2,1602,Congressional District 2,1.0,1.0,1.0,1.0,population
16083083015,2,1602,Congressional District 2,1.0,1.0,1.0,1.0,population
16083083016,2,1602,Congressional District 2,1.0,1.0,1.0,1.0,population
16083083017,2,1602,Congressional District 2,1.0,1.0,1.0,1.0,population
16083083018,2,1602,Congressional District 2,1.0,1.0,1.0,1.0,population
16083083019,2,1602,Congressional District 2,1.0,1.0,1.0,1.0,population
16083083020,2,1602,Congressional District 2,1.0,1.0,1.0,1.0,population
16083083021,2,1602,Congressional District 2,1.0,1.0,1.0,1.0,population
16083083022,2,1602,Congressional District 2,1.0,1.0,1.0,1.0,population
16083083023,2,1602,Congressional District 2,1.0,1.0,1.0,1.0,population
16083083024,2,1602,Congressional District 2,1.0,1.0,1.0,1.0,population
16083083025,2,1602,Congressional District 2,1.0,1.0,1.0,1.0,population
16083083026,2,1602,Congressional District 2,1.0,1.0,1.0,1.0,population
16083083027,2,1602,Congressional District 2,1.0,1.0,1.0,1.0,population
16083083028,2,1602,Congressional District 2,1.0,1.0,1.0,1.0,population
16083083029,2,1602,Congressional District 2,1.0,1.0,1.0,1.0,population
16083083030,2,1602,Congressional District 2,1.0,1.0,1.0,1.0,population
16083083031,2,1602,Congressional District 2,1.0,1.0,1.0,1.0,population
16083083032,2,1602,Congressional District 2,1.0,1.0,1.0,1.0,population
16083083033,2,1602,Congressional District 2,1.0,1.0,1.0,1.0,population
16083083034,2,1602,Congressional District 2,1.0,1.0,1.0,1.0,population
16083083035,2,1602,Congressional District 2,1.0,1.0,1.0,1.0,population
16083083036,2,1602,Congressional District 2,1.0,1.0,1.0,1.0,population
16083083037,2,1602,Congressional District 2,1.0,1.0,1.0,1.0,population
16083083038,2,1602,Congressional District 2,1.0,1.0,1.0,1.0,population
16083083039,2,1602,Congressional District 2,1.0,1.0,1.0,1.0,population
16083083040,2,1602,Congressional District 2,1.0,1.0,1.0,1.0,population
16083083041,2,1602,Congressional District 2,1.0,1.0,1.0,1.0,population
16083083042,2,1602,Congressional District 2,1.0,1.0,1.0,1.0,population
16083083043,2,1602,Congressional District 2,1.0,1.0,1.0,1.0,population
16083083044,2,1602,Congressional District 2,1.0,1.0,1.0,1.0,population
16085085008,2,1602,Congressional District 2,0.013333333333244445,0.013333333333244445,0.02448979591778759,0.017886178861795776,population
